<?xml version="1.0" encoding="utf-8"?>
<rss version="2.0"
	xmlns:content="http://purl.org/rss/1.0/modules/content/"
	xmlns:wfw="http://wellformedweb.org/CommentAPI/"
	xmlns:dc="http://purl.org/dc/elements/1.1/"
    xmlns:atom="http://www.w3.org/2005/Atom"
	>

<channel>
    <title>Just Another Weblog RSS Feed</title>
    <atom:link href="http://example.com/blog/feed/" rel="self" type="application/rss+xml" />
	<link>http://example.com/blog</link>
	<description>An example RSS feed.</description>
	<pubDate>Wed, 08 Oct 2008 04:59:59 +0000</pubDate>

	<generator>http://wordpress.org/?v=2.6.2</generator>
	<language>en</language>
    <item>
		<title>Hello World!</title>
		<link>http://example.com/blog/2008/10/08/hello-world/</link>
		<comments>http://example.com/blog/2008/10/08/hello-world/#comments</comments>

		<pubDate>Wed, 08 Oct 2008 04:59:59 +0000</pubDate>
		<dc:creator>Meitar</dc:creator>
		
		<category><![CDATA[General]]></category>

		<guid isPermaLink="false">http://example.com/blog/2008/10/08/hello-world/</guid>
		<description><![CDATA[
Here is an example RSS feed that could be generated by one of many web publishing systems. This one is generated using WordPress.]]></description>
        <content:encoded><![CDATA[<p>Here is an example RSS feed that could be generated by one of many web publishing systems. This one is generated using WordPress.</p>
<p>This element contains the rest of the post. It's here that further paragraphs would be encoded.</p>
]]></content:encoded>
        <wfw:commentRss>http://example.com/blog/2008/10/07/hello-world/feed/</wfw:commentRss>
    </item>
</channel>
</rss>
